Model,Accuracy,Precision,Recall,F1-Score,ROC-AUC,Sensitivity,Specificity,CV_F1_Mean,CV_AUC_Mean
Random Forest,0.8478260869565217,0.8531969309462916,0.8478260869565217,0.8483316481294237,0.9268682137534597,0.8852459016393442,0.8181818181818182,0.8609797305205543,0.932150875791882
Naive Bayes,0.8260869565217391,0.8260869565217391,0.8260869565217391,0.8260869565217391,0.8586331701085799,0.8032786885245902,0.8441558441558441,0.7895105528759027,0.8754992391456845
Decision Tree,0.7898550724637681,0.7902733692576462,0.7898550724637681,0.7900225720074763,0.7893336172024696,0.7704918032786885,0.8051948051948052,0.810171792905874,0.832755846706742
Logistic Regression,0.782608695652174,0.8039359072858716,0.782608695652174,0.782608695652174,0.9010006387055567,0.8852459016393442,0.7012987012987013,0.8411726894588799,0.9263287969868012
SVM (RBF),0.7753623188405797,0.8100256274301874,0.7753623188405797,0.7741221402548634,0.8918458590589738,0.9180327868852459,0.6623376623376623,0.8590404367539557,0.9256756062551939
